[
  {
    "id": 1,
    "nome": "Maria",
    "email": "maria@example.com"
  },
  {
    "id": 2,
    "nome": "João",
    "email": "joao@example.com"
  },
  {
    "name": "Teste",
    "price": 2000,
    "id": 3
  },
  {
    "name": "Teste",
    "price": 2000,
    "id": 4
  },
  {
    "name": "Teste",
    "price": 2000,
    "id": 5
  },
  {
    "name": "Teste",
    "price": 2000,
    "id": 6
  },
  {
    "name": "Teste",
    "price": 2000,
    "id": 7
  },
  {
    "name": "Teste",
    "price": 2000,
    "id": 8
  },
  {
    "nome": "Teste",
    "email": "simone@simone",
    "id": 9
  }
]